"timestamp","isDescending"
1719445315,"-"
1719445039,"true"
1719445036,"true"
1719444693,"true"
1719444625,"true"
1719444011,"true"
1719443742,"true"
1719443395,"true"
1719443212,"true"
1719443168,"true"
1719443038,"true"
1719442955,"true"
1719442929,"true"
1719442713,"true"
1719442664,"true"
1719442452,"true"
1719442328,"true"
1719442173,"true"
1719442108,"true"
1719441391,"true"
1719441239,"true"
1719441236,"true"
1719441105,"true"
1719441080,"true"
1719440960,"true"
1719440953,"true"
1719440940,"true"
1719440672,"true"
1719440539,"true"
1719440509,"true"
1719440489,"true"
1719440033,"true"
1719439920,"true"
1719439869,"true"
1719439837,"true"
1719439796,"true"
1719439750,"true"
1719439709,"true"
1719439657,"true"
1719439410,"true"
1719439380,"true"
1719439216,"true"
1719439117,"true"
1719439097,"true"
1719439023,"true"
1719438962,"true"
1719438962,"true"
1719438767,"true"
1719438696,"true"
1719438663,"true"
1719438577,"true"
1719438576,"true"
1719438534,"true"
1719438464,"true"
1719438422,"true"
1719438380,"true"
1719438285,"true"
1719438175,"true"
1719437840,"true"
1719437827,"true"
1719437729,"true"
1719437719,"true"
1719437711,"true"
1719437687,"true"
1719437668,"true"
1719437663,"true"
1719437633,"true"
1719437546,"true"
1719437506,"true"
1719437369,"true"
1719437076,"true"
1719437014,"true"
1719436984,"true"
1719436979,"true"
1719436800,"true"
1719436758,"true"
1719436698,"true"
1719436608,"true"
1719436601,"true"
1719436564,"true"
1719436559,"true"
1719436544,"true"
1719436497,"true"
1719436454,"true"
1719436409,"true"
1719436379,"true"
1719436365,"true"
1719436351,"true"
1719436295,"true"
1719436218,"true"
1719436190,"true"
1719436115,"true"
1719436058,"true"
1719436017,"true"
1719435959,"true"
1719435927,"true"
1719435832,"true"
1719435547,"true"
1719435539,"true"
1719435445,"true"